WHMCSGtBU8P3qgJ3q	0
BIGipServerpayment.amctheatres.com.app~payment.amctheatres.com_pool	1
plentyID	1
lastVisitedCategory	1
fornax_anonymousId	1
SRV	0
df5aae2adceb73c6abc67b211e30888b	1
lang	0
PHPSESSID	0
SessionId	1
tryNumberCountry	1
tryNumberVNType	1
tryNumberVNId	1
vu	1
vu	1
howToCallFromCountry	1
Spoon_User	1
Spoon_UserToken	1
SecureSession	1
ASP.NET_SessionId	1
connect.sid	1
request_method	1
_treehouse_session	1
_sdsat_landing_page	0
_sdsat_session_count	0
_sdsat_traffic_source	0
AMCVS_F7093025512D2B690A490D44%40AdobeOrg	0
_sdsat_lt_pages_viewed	0
_sdsat_pages_viewed	0
DJSESSION	0
DJCOOKIE	0
usr_bkt	0
AMCVS_CB68E4BA55144CAA0A4C98A5%40AdobeOrg	0
_new_icann_session	1
PHPSESSID	1
dshield	1
ot	1
PHPSESSID	0
JSESSIONID	1
ipCheck	1
TS011813a0_26	1
TS011813a0	1
TS01d430e1	1
ServerPool	0
PMC	1
TAUnique	0
TAReturnTo	0
roybatty	0
PAC	1
TASession	0
CM	0
wl_auth	0
_session_id	1
passgw	0
ppc	0
xf_session	1
spo_prooftoken	1
b	0
smcflighting	0
AMPCSRF	1
__pcvc	0
akacd_gcp_phased_release	0
bm_cnet	1
m0r9h.salt	0
cnet_ad	1
com.scorecardresearch.$M	0
com.advertising.$NCfP	0
_group	0
com.s3xified.$M	0
LDCLGFbrowser	0
XCLGFbrowser	0
__gads	0
AMCVS_10D31225525FF5790A490D4D%40AdobeOrg	0
com.cbsi.$M	0
com.viglink.$M	0
net.crwdcntrl.$N_cc_cc	0
JSESSIONID	1
JSESSIONID_JX_APP	1
ecm	1
ASPSESSIONIDQUCSQRQR	1
lordoftherings	1
dbf363247f061140350cf4956ca73162	1
stg	1
scribd_ubtc	1
_scribd_session	1
_aww_firstSeen	0
_aww_refSrc	0
_aww_cookies_allowed	0
bp-activity-oldestpage	1
vid	0
JSESSIONID	1
__uzma	0
__uzmb	0
__uzma	0
__uzmb	0
_skan__id_2	0
auth_http_s	1
fct	1
X-Salesforce-CHAT	0
liveagent_oref	0
X-Salesforce-CHAT	0
liveagent_ptid	0
X-Salesforce-CHAT	0
liveagent_sid	0
liveagent_vc	0
spo_access_token	1
BIGipServerab01web_app_https	1
__sharethis_cookie_test__	0
_ga	0
foodsby	1
ASP.NET_SessionId	1
__RequestVerificationToken_L0hQUA2	1
akmachineid	1
ECID	1
VisitorId	1
grpId	1
AMCVS_47977B2A53A852210A490D45%40AdobeOrg	0
u	0
ASP.NET_SessionId	0
TS015fd369	0
_cls_v	0
_cls_s	0
	0
	0
prov	0
prov	0
prov	0
ARRAffinity	0
WT_FPC	0
WT_NVR	0
session	0
io	0
PHPSESSID	0
__uzma	0
__uzmb	0
icu	0
jive.login.ts	1
JSESSIONID	1
cookie_jive	0
jive.security.context	1
containerSecurityToken	1
_ga	0
_ga	0
EMCookie	0
tempCookie	0
_cls_subs	0
_cls_di	0
TS01ff2d09	0
AWP_CSESSION8C327083	0
cloudpublicbackend	1
SecureW2JoinNowdeviceID	1
PHPSESSID	0
_shibsession_64656661756c7468747470733a2f2f6f726773796e632e636f6d2f73686962626f6c6574682d7370	0
my_school	0
auth_token	1
SERVERID	0
SERVERID	0
sixpack-clientId	0
ECHOSIGN_ID	1
JSESSIONID	1
JSESSIONID	1
JSESSIONID	1
check	0
s_sess	0
s_pers	0
_evidon_consent_cookie	0
locale	0
ims_r	1
ftrset	1
relay	0
ci_session	0
heart#lang	0
ASP.NET_SessionId	0
SC_ANALYTICS_GLOBAL_COOKIE	0
TS013cf578	0
PHPSESSID	1
has_seen_doc_landing_v2_bucket_1	0
root_session_id	1
incap_ses_892_987752	0
yuv	0
bse	0
hl	0
recentlocations	0
location	0
TRACK_COOKIE	0
visitorDeviceClass	0
ASP.NET_SessionId	0
LPVID	0
LPSID-6213507	0
incap_ses_623_987752	0
G_ENABLED_IDPS	0
sbi_debug	0
vuid	0
net.afy11.$M	0
	0
sbi_debug	0
	0
	0
com.addthis.$M	0
	0
PHPSESSID	0
PHPSESSID	0
PHPSESSID	0
fwww	0
JSESSIONID	0
AWSELB	0
JSESSIONID	0
AWSELB	0
sid	0
language2	0
brwsr	0
SERVERID	1
SS	1
SP	1
AS	1
_write_latex_session	1
prefs	0
bonus	0
fkey	0
fonts-loaded-lato	0
gae_b_id	0
fonts-loaded-lato	0
has_js	0
udi-id	1
udi-id	1
AMCVS_0FEC8C3E55DB4B027F000101%40AdobeOrg	0
AMCV_0FEC8C3E55DB4B027F000101%40AdobeOrg	0
_ua	0
AMCV_0FEC8C3E55DB4B027F000101%40AdobeOrg	0
_ua	0
QSI_HistorySession	1
JSESSIONID	1
uzchkcookie	0
Gyazo_session	1
exp_tracker	0
__sharethis_cookie_test__	0
G_ENABLED_IDPS	0
_b	0
bei	0
__cfruid	0
_ga	0
bp_ut_session	0
_gs	0
spark_first_visit	0
spark_exp_unauth	0
ab.storage.userId.18b7c969-6d49-4af4-b196-a092221dd826	0
ab.storage.deviceId.18b7c969-6d49-4af4-b196-a092221dd826	0
creative-cloud-loc	0
__cfduid	0
JSESSIONID	0
SessionID	0
NSC_ESNS	0
sbi_debug	0
com.twitter.$M	0
net.doubleclick.$M	0
QSI_HistorySession	1
com.sonobi.go.$NHAPLB8S	0
org.adsrvr.$M	0
com.ml314.$M	0
com.agkn.$M	0
com.liadm.$M	0
org.trustx.sofia$M	0
com.casalemedia.$M	0
net.openx.$M	0
com.taboola.trc$Ntaboola_session_id	0
com.sonobi.go.$NHAPLB8A	0
com.taboola.$M	0
com.tealiumiq.$M	0
i10cTC	0
i10cTS	0
i10c3C	0
GeoIP	1
GeoIP	1
user_id	0
bitmovin_analytics_uuid	0
__cfduid	0
amplitude_idpscp.tv	0
AMCVS_F75C3025512D2C1D0A490D44%40AdobeOrg	0
cmp	0
_omappvp	0
FTR_Country_Code	0
mps_saved_location	0
edition	0
gmid	1
ucid	0
gig_hasGmid	0
_vfa	0
ASP.NET_SessionId	0
has_js	0
SERVERID	0
__cfduid	1
gtm_session_first	0
GeeTestUser	0
GeeTestAjaxUser	0
cmc_gdpr_hide	0
gtm_session_last	0
i10c.sid	0
frontbird_session_id	0
iterableEndUserId	0
XSRF-TOKEN	0
firstVisitTimestamp	0
solvvy_session	0
scnt_session_v2	0
referrerLandingPageURL	0
userGender	0
countdownBanner_timeLeft_	0
User-Continent	0
User-Continent	0
User-Continent	0
User-Continent	0
User-Continent	0
User-Continent	0
User-Continent	0
User-Continent	0
User-Continent	0
User-Continent	0
rtr-notification	1
__uzmc	0
__uzmd	0
phpbb3_5qbzr_u	1
phpbb3_5qbzr_k	1
phpbb3_5qbzr_sid	1
analytics-csrf	1
BMAID	1
ApplicantId_14509	1
TS018a0566	0
tg_rft_mvc	1
cmTPSet	0
CoreID6	0
tg_session_26059_5016	1
tg_session	1
IN_HASH	0
tg_rft	1
51290000|26059_5016_clogin	0
s_vi	0
!lithiumSSO	0
LiSESSIONID	1
LithiumVisitor	0
VISITOR_BEACON	0
dd_login_id	0
ajs_group_id	0
ajs_anonymous_id	0
G_ENABLED_IDPS	0
G_AUTHUSER_H	1
csrf_token	1
ajs_user_id	0
dd_submarket_id	0
dd_device_id	0
dd_district_id	0
dd_zip_code	0
__cfduid	0
_ua	0
utag_main	0
ubereats.cartLocation.location	0
marketing_vistor_id	0
PHPSESSID	0
au_id	0
com.freeskreen.sb$NJSESSIONID	0
_ga	0
__gads	0
com.criteo.$M	0
net.doubleclick.$M	0
net.everesttech.$M	0
com.mathtag.$M	0
com.rubiconproject.pixel$M	0
us.samplicio.$M	0
_cb_ls	0
com.truoptik.$M	0
com.ib-ibi.global$NASP.NET_SessionId	0
com.mookie1.ib$NASP.NET_SessionId	0
com.videoamp.$M	0
com.spotxchange.$M	0
com.yumenetworks.$M	0
com.performgroup.$M	0
com.advertising.adaptv.$M	0
com.contextweb.bh$N_dbefe	0
net.mxptint.$M	0
net.adhigh.$M	0
io.bidr.$M	0
com.gumgum.$M	0
com.rubiconproject.$M	0
net.akamaihd.eplayer2sp-vh.$N_alid_	0
com.tremorhub.$M	0
com.coull.$M	0
com.performgroup.player$NGED_PLAYLIST_ACTIVITY	0
com.taboola.trc$Ntaboola_session_id	0
com.taboola.$M	0
trc_cookie_storage	0
_cb	0
_chartbeat2	0
com.smartadserver.$Nvs	0
com.smartadserver.$NTestIfCookie	0
com.smartadserver.www8$Nx-smrt-d	0
com.turn.ad$NJSESSIONID	0
com.gwallet.$M	0
com.contextweb.$M	0
com.adotmob.$M	0
net.taggify.sync$M	0
	0
com.turn.presentation-atl1$NJSESSIONID	0
	0
	0
io.avocet.ads$M	0
com.zemanta.$M	0
ai.hybrid.$M	0
com.casalemedia.$NCMSC	0
io.1rx.$M	0
com.blismedia.$M	0
com.creative-serving.$M	0
com.rfihub.$M	0
org.adsrvr.$M	0
com.smartadserver.$M	0
com.adentifi.$M	0
com.ipredictive.$M	0
com.deepintent.$M	0
com.agkn.$M	0
com.justpremium.$M	0
com.iasds01.$M	0
com.stickyadstv.ads$NsessionId	0
com.sundaysky.$M	0
net.openx.$M	0
com.tidaltv.$M	0
tv.extend.$M	0
com.acuityplatform.$M	0
tv.teads.$M	0
net.w55c.$M	0
com.bttrack.$M	0
net.eyeota.ps$NONPLFTRH	0
com.tynt.$M	0
net.eyeota.$M	0
com.sonobi.go.$NHAPLB8S	0
com.casalemedia.$M	0
com.33across.sic$NJSESSIONID	0
com.33across.sic$N_passenger_route	0
com.sitescout.$M	0
com.rezync.$M	0
com.rezync.live$M	0
com.33across.$M	0
i10cTC	0
i10cTS	0
com.addthis.$M	0
com.pippio.$M	0
i10c3C	0
ab.storage.sessionId.18b7c969-6d49-4af4-b196-a092221dd826	0
__cfduid	0
_nzt_session	0
__cfduid	0
s_sess	0
eafsso_check	0
wordpress_test_cookie	1
I2KBRCK	0
SERVER	0
JSESSIONID	0
timezone	0
displayMathJaxFormula	0
JSESSIONID	0
WSS_FullScreenMode	0
PERSISTENCE-COOKIE	1
citrix_ns_id	0
WCDServer	1
fg	0
ftrset	1
relay	0
marvel_ims_access_token	1
ASPSESSIONIDGGGGGGGK	0
NSC_ESNS	0
LtpaToken	0
citrix_ns_id_.un.org_%2F_wat	0
has_js	0
PHPSESSID	1
site_referer	0
trwv.uid	0
teamn	0
csrftoken	0
BIGipServertherapysites-web-86	0
__cfduid	1
ibeugdpr	0
__stripe_mid	0
simplepractice-session	1
__cfduid	0
JSESSIONID	1
AccountBarCookie	1
check	0
akavpau_prod_fullsite	0
AMCVS_65D316D751E563EC0A490D4C%40AdobeOrg	0
AMCV_65D316D751E563EC0A490D4C%40AdobeOrg	0
s_cc	0
s_sq	0
bkng	1
dps_site_id	0
com.xk72.webparts.csrf	1
__cfduid	1
euconsent	0
crumb	0
__cfduid	0
__cfduid	0
AMCVS_2DED4480533B2D590A490D4C%40AdobeOrg	0
AMCV_2DED4480533B2D590A490D4C%40AdobeOrg	0
exp_showed_offtour_artist_modal	0
s_gvo_5	0
s_gvo_9	0
s_gvo_10	0
s_gvo_11	0
s_gvo_15	0
s_gvo_21	0
s_gvo_22	0
s_gvo_46	0
s_gvo_50	0
s_gvo_51	0
s_cc	0
tp	0
s_lv	0
s_sq	0
s_ppv	0
_skweb_session	0
fbm_308540029359	0
sixpack-clientId	0
__cfduid	0
PHPSESSID	0
nette-browser	0
viewed_cookie_policy	0
wrinfidkfit	0
has_js	0
__cfduid	1
lii_entry_point	0
PHPSESSID	1
CMSPreferredCulture	1
CMSCsrfCookie	1
CMSPreferredUICulture	1
ASP.NET_SessionId	1
__cfduid	1
_beeminder_session	0
fornax_anonymousId	1
session-set	0
amazon-pay-abtesting-new-widgets	0
_oklv	0
_okdetect	0
olfsk	0
_ok	0
wcsid	0
hblid	0
_okbk	0
__cfduid	0
PHPSESSID	0
ASP.NET_SessionId	0
BIGipServercnv_ats_ssl_pool	1
_abck	0
fly_device	0
cbssports_ad	0
utag_main	0
sc_at	1
_sctr	0
AMCV_CB68E4BA55144CAA0A4C98A5%40AdobeOrg	0
s_ppvl	0
s_cc	0
s_ppv	0
s_fid	0
ResponsiveConditional_initialBreakpoint	0
_nu	0
_abby	0
_tcn	0
__cfduid	1
__cfduid	0
has_js	0
__cfduid	0
InsurancePopup	0
__cfduid	0
__cfduid	0
__cfduid	1
hotdog	0
inputstate	0
count	0
inittime	0
lasttime	0
authkey	0
verification	0
displaystate	0
PHPSESSID	0
visid_incap_278239	0
nlbi_278239	0
incap_ses_891_278239	0
incap_ses_673_278239	0
BIGipServerist-web-content-prod-443-pool	1
BIGipServerist-web-content-prod-80-pool	0
_dy_csc_ses	0
_dyjsession	0
MGX_P	0
MGX_U	0
MGX_PX	0
MGX_CID	0
_dy_soct	0
MGX_VS	0
MGX_U	0
MGX_57079B338B2E	0
MGX_E	0
chkcookie	0
s_cc	0
s_sq	0
redirect	0
__tbc	0
xbc	0
s_fid	0
AWSELB	0
BIGipServerpool_harvard	1
uid	1
sid	1
__cfduid	1
_okdetect	0
_ok	0
_okac	0
_okla	0
_okbk	0
session	1
l	1
session	1
OpenIdConnect.nonce.lyo4y6tGxJmYByncuKiLpcs7%2BhIAezHXyImvvtQy6Gk%3D	1
gtcn	1
grtk	1
fdrtk	1
pifdrtk	1
.AspNet.Cookies	1
signupLocale	0
__RequestVerificationToken	1
userInfo	0
__RequestVerificationToken	1
userInfo.context	1
.acomauth	1
_oklv	0
olfsk	0
_okgid	0
wcsid	0
hblid	0
browserId	1
JSESSIONID	1
GSID	1
__cfduid	1
Portal.ReqTenant	1
PHPSESSID	1
_csrf_token	0
_PracticalDeveloper_session	0
__cfduid	0
__cfduid	1
ks	1
kb	1
ajs_anonymous_id	0
io.expo.auth.sessionSecret	0
__cfduid	0
_pxvid	0
pxvid	0
cid	0
__cfduid	1
ajs_anonymous_id	0
ajs_group_id	0
ajs_user_id	0
__distillery	0
activeTests	0
express:sess	1
express:sess.sig	1
AMCV_E16CD4415481B5550A4C98A2%40AdobeOrg	0
utag_main	0
ajs_group_id	0
ajs_user_id	0
CC_SPEEDUP	0
JSESSIONID	1
CC_AJAX	0
__cfduid	1
SnapABugHistory	0
SnapABugVisit	0
_system_session	1
_session_id	1
BIGipServerndb-pool	1
b	0
b	0
PHPSESSID	1
oaapis	0
cid	0
__stripe_mid	0
ab_disable_remember_me	0
checkout-live-session	1
_ga	0
CSNUtId	0
io	0
session	0
ebay	0
ebay	0
uid	1
sid	1
wikidben_AuthProductOpenerSession	1
__cfduid	0
wpdiscuz_last_visit	0
__cfduid	0
__cfduid	1
__cfduid	0
ahoy_visitor	0
ahoy_track	0
ahoy_visitor	0
ahoy_track	0
G_ENABLED_IDPS	0
JSESSIONID	0
__cfduid	0
PHPSESSID	0
app_tutorial	0
displayCookieConsent	0
b	0
__cfduid	0
JSESSIONID	1
aax-vsid	0
__cfduid	0
rhid	0
io	0
__cfduid	0
check	0
AMCV_F75C3025512D2C1D0A490D44%40AdobeOrg	0
utag_main	0
s_sq	0
s_cc	0
mbta_id	1
JSESSIONID	1
ASP.NET_SessionId	1
__AntiXsrfToken	1
VISITOR	0
OptanonConsent	0
VISITOR	0
VISITOR	0
__cfduid	0
lc_sso8783331	0
__lc_mcid	1
__lc_mcst	1
__lc.visitor_id.8783331	0
lc_window_state	0
3rdparty	0
recent_window	0
__lc_vv	0
__livechat_lastvisit	0
__livechat	0
notification[status_ping]	0
main_window_timestamp	0
main_window_timestamp_0	0
message_text	0
has_js	0
BIGipServerZebedee	0
TS01237438	0
ISAWPLB{AF2ABE39-C425-44F1-BA6F-473BEF1838E4}	0
ENOTESID	0
__vrz	0
uaid	0
PHX_ACTIVITY	0
PHX_ACTIVITY_SE	0
__cfduid	0
_pwbolt_id.1f57	0
__cfduid	0
PHPSESSID	0
_csrf	0
optionsObject	0
__cfduid	1
CFID	0
CFTOKEN	0
isContinueStudy	0
taskWeight	0
completedTasksWeight	0
tid	0
__cfduid	0
JSESSIONID	1
PHPSESSID	0
__cfduid	0
experiment	0
client_type	1
client_version	1
TiPMix	0
cmp	0
__tbc	0
xbc	0
rxx	0
unique_id	0
ajs_anonymous_id	0
ajs_user_id	0
ajs_group_id	0
clientId	0
XSRF-TOKEN	0
hs	0
svSession	0
TS01e85bed	0
TS013f03a7	0
TS017ae60a	0
eu_cookie_notice	0
_ga	0
blingblocksession	0
has_js	0
_cb_ls	0
_cb	0
_chartbeat2	0
_v__chartbeat3	0
Locale	0
s_cc	0
s_fid	0
s_sq	0
_cmpQcif3pcsupported	0
gig_hasGmid	0
__cfduid	1
gdpr	0
mp_eyJhbGciOiJIUzI1NiIsInR5cCI6IkpXVCJ9.eyJjbGllbnROYW1lIjoid2liYml0eiIsImlucHV0TGFiZWwiOiJqc1RyYWNrZXIiLCJpbnB1dFR5cGUiOiJKU1NESyJ9.55Y_puhX1ed2hNYaK3G18PI5iuXXJJ_rEZSRVjfK7WE_alooma	0
uuid	0
cmp	0
has_js	0
first_visit	0
gig_hasGmid	0
AMCVS_5932F6B45755FB677F000101%40AdobeOrg	0
AMCV_5932F6B45755FB677F000101%40AdobeOrg	0
JSESSIONID	0
_awl	0
AMCVS_A8AB776A5245B4220A490D44%40AdobeOrg	0
AMCV_A8AB776A5245B4220A490D44%40AdobeOrg	0
ssuid	0
s_cc	0
rxx	0
__cfduid	0
crumb	0
crumb	0
nsr	0
_moonclerk_session	1
__stripe_mid	0
ss_cvr	0
ss_cid	0
ss_cpvisit	0
btg_device	0
mtvn_btg_userSegments	0
vmn_host	0
notice	0
AMCVS_ED7001AC512D2ABD0A490D4C%40AdobeOrg	0
AMCV_ED7001AC512D2ABD0A490D4C%40AdobeOrg	0
balaLastSeenDate	0
showTeacherPopout	0
vnm_carrot	0
s_ppv	0
s_cc	0
s_fid	0
s_sq	0
previousSchoolID	0
SWID	0
repeatUser	0
em_cdn_uid	0
cspanvl_testcookie	0
cspanvl_new_volume	0
__uzmc	0
__uzmd	0
icu	0
__uzmc	0
__uzmd	0
u	0
ud	0
atusessionw	1
emailModal	0
ASPSESSIONIDAGCDSSQT	1
userId	0
s_cc	0
s_sq	0
__cfduid	0
ezouspvv	0
ezouspva	0
ezds	0
ezohw	0
ezux_et_27792	0
ezux_tos_27792	0
__uzma	0
__uzmd	0
__uzmc	0
__uzmb	0
PHPSESSID	0
icu	0
cm_5889	0
cm_4894	0
cm_5542	0
QSI_HistorySession	1
cbsnews_ad	0
AMCVS_10D31225525FF5790A490D4D%40AdobeOrg	0
visid_incap_1774825	0
incap_ses_702_1774825	0
nlbi_1774825	0
__cfduid	0
muc	0
__cfduid	0
PHPSESSID	0
__cfduid	0
DYID	0
DYSES	0
_dyjsession	0
_awl	0
guest_token	1
juul_anonymous_id	1
_abck	0
BE_CLA3	0
ajs_group_id	0
ajs_user_id	0
ajs_anonymous_id	0
hasVerifiedAgeGate	0
_sp_id.1fcc	0
apay-id	1
AMCV_F7093025512D2B690A490D44%40AdobeOrg	0
BX	0
__kla_id	0
TawkConnectionTime	0
rxx	0
__cfduid	0
__cfduid	0
__cfduid	0
ADBI_YG1BUFFSTREAMZ_POPmax	0
__cfduid	1
__cfduid	1
__cfduid	1
ADGRX_UID	0
adtheorent[cuid]	0
cicouid	0
bito	0
uid	0
ACX_COUNT	0
ACXID	0
IMRID	0
vst	0
er_guid	0
tt_viewer	0
U	0
__aavi	0
__aavt	0
__aasi	0
__aast	0
admRtbUidCkey34334Ssp245	0
admRtbUidCkey34334Ssp245	0
CCMSESSID	0
SERVERID	0
uid	0
uuid	0
__ytmedia	0
tidal_ttid	0
aj_dsp	0
aj_dsp	0
_adstanding_id	0
_adstanding_id	0
__cfduid	0
to_master	0
to_version	0
csync	0
tads_uidp_25	0
udmts	0
dt	0
roid	0
cicouid	0
cb	0
chs	0
partners	0
tuuid	0
tuuid_lu	0
_bsw	0
_mb	0
cup	0
cug	0
ct	0
LIG_ULT	0
min	0
__cfduid	0
X-Mapping-jgcaohmn	0
PHPSESSID	0
stx_user_id	0
guid	0
u	0
id	0
ASP.NET_SessionId	0
uu	0
uid	0
cookie	0
sync-his	0
DigiTrust.v1.identity	0
uuid3	0
suuid3	0
IXAI36300	0
DW_Time	0
DW	0
__cfduid	0
appnexus	0
gwsi	0
yandexuid	0
vid	0
tuuid	0
tuuid_lu	0
rum	0
BSWtracker	0
ruuid	0
ruuid_lu	0
tads_uid	0
tads_uid_cd	0
tads_zora	0
tads_uidp_48	0
tuuid	0
tuuid_lu	0
__cfduid	0
TID	0
__cfduid	1
tuuid	0
tuuid_lu	0
ouuid	0
ouuid_lu	0
GeoIP	1
__cfduid	0
__cfduid	0
shunno_auto	0
shunno_region	0
shunno_recom	0
shunno_site_theme	0
s_pers	0
s_sess	0
PHPSESSID	0
visid_incap_457683	0
incap_ses_988_457683	0
visid_incap_1274813	0
incap_ses_988_1274813	0
visid_incap_1346291	0
nlbi_1346291	0
incap_ses_988_1346291	0
visid_incap_456843	0
incap_ses_988_456843	0
VISITOR_BEACON	0
LiSESSIONID	1
LithiumVisitor	0
pay_ent_smp	1
CN_segments	0
s_fid	0
timeSpent	0
v30	0
v39	0
s_cc	0
visitedCount_jwt	1
did	1
sid	1
GED_PLAYLIST_ACTIVITY	1
crumb	0
ss_cvr	0
ss_cid	0
ss_cpvisit	0
__cfduid	0
ASP.NET_SessionId	0
ckns_sa_labels_persist	0
nukt_lv	0
cip_sol_aud	0
utag_main	0
nukt_hc	0
es3	0
es2	0
ARRAffinity	0
fyre-livecount	0
OptanonConsent	0
__cfduid	0
DN_SESS_ID	0
_cb_ls	0
atid	0
_ga	0
mf_28b1e958-8657-4d54-a073-14408dcf4628	0
ADAID	0
logglytrackingsession	0
cX_S	0
cX_P	0
sx	0
rdm-daac	0
sx	0
s_cc	0
s_sq	0
__cfduid	0
__cfduid	0
ga_clientId	0
gnar_containerId	0
CGIC	0
CGIC	0
edgebucket	1
mid	1
__cfduid	1
__cfduid	1
__cfduid	1
__cfduid	1
__cfduid	0
__cfduid	0
__cfduid	1
_aimtellSubscriberID	0
_privy_2600128659727B8CCCFE6981	0
ahoy_visitor	0
apay-status-v2	1
hesid	0
locationData	0
pp_settings-last_updated	0
pp_settings-pp_ajax_cart	0
pp_settings-pp_disable_auto_config	0
pp_settings-pp_fb_id	0
pp_settings-pp_fb_id_1	0
pp_settings-pp_fb_id_1_events	0
pp_settings-pp_fb_id_2	0
pp_settings-pp_fb_id_2_events	0
pp_settings-pp_niche	0
pp_settings-pp_tracking_pixel_activated	0
pp_settings-pp_vc_info	0
session-set	0
snize-recommendation	0
snize_session	0
VISITOR_INFO1_LIVE	0
YSC	0
__cfduid	0
__kla_id	0
__zlcmid	0
_shopify_country	0
_shopify_fs	0
_shopify_y	0
_shopmsg.session	0
_y	0
amazon-pay-abtesting-apa-migration	0
amazon-pay-abtesting-new-widgets	0
epb_previous_pathname	0
secure_customer_sig	1
sig-shopify	0
snize_session	0
APPSESSIONID	1
checkCookiesEnabled	1
portalSessionId	1
BIGipServer~apphosting~idm-t1~prod~idm-t1-prod-https	1
ACCOUNT_CHOOSER	1
APISID	0
APISID	0
HSID	0
HSID	0
SAPISID	1
SAPISID	1
SID	0
SID	0
SMSV	1
SSID	1
SSID	1
OGPC	0
OGP	0
LOGIN_INFO	0
attribution_user_id	0
trc|DU4D7QJ45Q4K4EL6CBLS|DASOR8FIF9Y7JDMZ06DR	1
zero_interaction	0
GMAIL_AT	1
OSID	1
has_js	0
prov	0
__cfduid	0
_octo	0
prov	0
_csrf_token	1
canvas_session	1
GeoIP	1
GeoIP	1
mwPhp7Seed	0
JSESSIONID	0
my-saved-list	0
__utma	0
__utmc	0
__utmz	0
_gitlab_session	1
event_filter	0
asid	0
cap_f	0
tzo	0
uaid	1
S	1
b2b_cig_opt	0
edu_cig_opt	0
nyt-a	0
MSPRequ	1
cap_t	0
BIGipServerev9-distil	1
BIGipServerpac8-web	0
BIGipServerumd	0
D_SID	0
BIGipServerpac8-evcluster1	0
JSESSIONID	0
et.ev_umd.busOrgVer	0
et.ev_umd.locale	0
et.ev_umd.locales	0
et.ev_umd.poolId	0
et.ev_umd.sellerId	0
MyAccountIsEnabled	0
old_session_id	0
AMCVS_1AEC46735278551A0A490D45%40AdobeOrg	0
AMCV_1AEC46735278551A0A490D45%40AdobeOrg	0
D_SID	0
SH_BAU	0
SH_VI	0
S_ACCT	0
_abck	1
_sim_li	1
_sim_si	1
bff-activity	0
s_ecid	0
s_pers	0
s_sess	0
et.linkID	0
et.locale	0
et.siteId	0
SESSION_ID	0
client_cookie	0
s_pvs	0
s_tps	0
prov	0
last_piaz_user	1
UID	0
UIDR	0
__cfduid	0
__cfduid	0
__gads	0
__qca	0
_fsuid	0
_ga	0
_omappvp	0
aawp-geotargeting	0
csuuid	0
fsbotchecked	0
hmuid	0
mc	0
tve_secret	0
userSession	1
om-cp7zniloxza8mcagx085	0
AMCV_10D31225525FF5790A490D4D%40AdobeOrg	0
fly_js_debug	0
prevPageName	0
prevPageType	0
s_cc	0
s_lv_undefined	0
s_ptc	0
s_sq	0
utag_main	0
CBS_INTERNAL	0
_csrf_token	1
canvas_session	1
has_js	0
_csrf_token	1
canvas_session	1
_csrf_token	1
canvas_session	1
_csrf_token	1
canvas_session	1
prov	0
__cfduid	1
__cfduid	0
mailerlite:webform:shown:1195294	0
vglnk.Agent.p	0
vglnk.PartnerRfsh.p	0
theme	0
ajs_anonymous_id	0
ajs_group_id	0
ajs_user_id	0
seg_xid	0
_csrf_token	1
canvas_session	1
log_session_id	0
__cfduid	0
__cfduid	0
FastAB	0
__cfduid	1
tryThing01	0
tryThing02	0
__cfduid	0
BACKEND	0
BIGipServershr-tomcat-p-search-utils-pool	0
_gcl_au	0
_visitor	0
cmp-session-id	0
commerceRegion	0
filterBy	0
headerType	0
i18n-prefs	0
x-wl-uid	0
crumb	0
ss_cvr	0
X-Mapping-fjhppofk	0
has_js	0
AMCVS_8CF467C25245AE3F0A490D4C%40AdobeOrg	0
AMCV_8CF467C25245AE3F0A490D4C%40AdobeOrg	0
adops_master_kvs	0
akacd_RTReplatform	0
akamai_generated_location	1
check	0
color-palette	1
mps_uuid	0
theme-options	1
__cfduid	0
guest_id	0
personalization_id	0
__cfduid	1
__cfduid	0
__cfduid	1
__cfduid	0
__pat	0
__tbc	0
_pc_survey__launchbucket	0
_pc_survey__userbucket	0
_pc_user	0
akacd_widgets_routing	0
obuid	0
xbc	0
DokuWiki	0
__cfduid	0
__cfduid	0
__cfduid	0
ss	1
__cfduid	0
_cmpQcif3pcsupported	0
_dy_c_exps	0
_dy_csc_ses	0
_dy_ses_load_seq	0
_dy_soct	0
AMCV_47977B2A53A852210A490D45%40AdobeOrg	0
UsaaMbWebMemberLoggedIn	1
_abck	1
akusaa	1
usaa.com.machine.ident	1
usaa.com.machine.session	1
usaa.com.uniqueId	1
BrowserNavData	1
JSESSIONID	1
check	0
dcenv	1
s_pers	0
s_sess	0
utag_main	0
bid	0
datr	1
sb	1
G_ENABLED_IDPS	0
geeksforgeeks_consent_status	0
ATN	0
CMID	0
CMPRO	0
CMPS	0
CN_sp	0
CN_su	0
__cfduid	0
__cfduid	0
__cfduid	1
_fbp	0
_hrstCID	0
_hrstCID	0
_kuid_	0
_ntv_uid	0
arxiv_bibex	0
arxiv_browse	0
atlassian.xsrf.token	1
browser	0
geo_continent_code	0
geo_postal_code	0
location_data	0
mco_shipping_in_us	0
pID	0
sa-user-id	0
status	1
visitor	1
OptanonConsent	0
_csrf_token	1
canvas_session	1
intercom-id-ruozuwky	0
has_js	0
Geo	0
Geo	0
WikiaLifetimeSource	0
WikiaSessionSource	0
__cfduid	0
__cfduid	0
wikia_beacon_id	0
wikia_beacon_id	0
wikia_beacon_id	0
__cfduid	0
u	0
bb_lastactivity	1
bb_lastvisit	1
bb_sessionhash	0
OCAK	1
connect.sid	0
user_id	1
uuid	0
atqn_lastactivity	0
atqn_lastvisit	0
atqn_sessionhash	0
bblastactivity	0
bblastvisit	0
bbsessionhash	0
datr	1
sb	1
ajs_anonymous_id	0
device_view	0
TS01fc5205	0
_csrf_token	1
_csrf_token	1
canvas_session	1
canvas_session	1
WR_SID	0
hasVisitedBefore	0
has_js	0
__cfduid	1
btype	0
location_data	0
region	0
region	0
region	0
region	0
region	0
G_ENABLED_IDPS	0
m-lat	1
m-login	0
region	0
.ASPXANONYMOUS	0
dnn_IsMobile	0
language	0
_csrf_token	1
canvas_session	1
_csrf_token	1
canvas_session	1
dmvk	0
spotim-device-v2	1
ts	0
v1st	0
ac_user_id	0
log_session_id	0
.ASPXAUTH	0
3rdparty	0
BIGipServerab15web-nginx-app_https	1
UserSettings	0
__cfduid	0
__lc.visitor_id.7051421	0
__lc_vv	0
_csrf_token	1
canvas_session	1
lc_sso7051421	0
lead_source	0
recent_referrer	0
recent_window	0
lc_window_state	0
csrfToken	0
sandboxCookie	0
__livechat	0
__livechat_lastvisit	0
main_window_timestamp	0
main_window_timestamp_1	0
message_text	0
notification[status_ping]	0
PHPSESSID	0
akavpau_ppsd	1
brwsr	0
GU_TK	0
GU_geo_continent	1
GU_mvt_id	1
ARRAffinity	0
_csrf_token	1
canvas_session	1
log_session_id	0
__cfduid	0
gvc	1
locale	1
__Host-js_csrf	1
__Host-ss	1
bjar	1
blid	1
db-help-center-uid	1
jar	1
last_active_role	1
lid	1
preauth	1
t	1
_coinbase_lax	1
_coinbase_strict	1
amplitude_device_id	1
coinbase_device_id	1
df	0
df2	0
sft	1
__cfduid	0
__cfduid	0
__cfruid	0
__cfruid	0
__zlcmid	0
_help_center_session	1
A_T	1
I_T	1
JSESSIONID	1
TTSESSIONID	1
lc_sso9182415	0
__cfduid	0
_coinbase_session	1
_coinbase_session	1
signed_in	1
__livechat	0
__livechat_lastvisit	0
S	1
_csrf_token	1
canvas_session	1
log_session_id	0
token	1
JSESSIONID	0
de	0
rpld0	0
wp_ak_v_m	0
wp_devicetype	0
show-editor-experiment-links	0
_jsuid	0
cc_ut	0
cluid	0
tid	1
tsid	1
__cfduid	1
BIGipServersj21web-nginx-app_https	1
__cfduid	0
S	1
PHPSESSID	0
G_AUTHUSER_H	1
G_ENABLED_IDPS	0
csrf-token	1
grauth	1
tdi	1
__cfduid	0
__cfduid	1
__cfduid	0
__cfduid	0
__cfduid	1
__cfduid	1
adonis-session	0
adonis-session-values	0
ezCMPCCS	0
ezds	0
ezohw	0
ezux_lpl_30309	0
lang	0
session	0
PHPSESSID	0
__cfduid	1
_cmpQc3pChkKey	0
_cmpQcif3pcsupported	0
has_js	0
_csrf_token	1
canvas_session	1
session	0
se-consent	1
OptanonConsent	0
sim-inst-token	1
trackid	1
_omappvp	0
infosec_post_order	0
omSeen-f8rjwhm9n275ttml2c8l	0
omSeen-qrjkqikwj9qclavndl6d	0
omSeen-scxhvdyevijefm7vagte	0
omSeen-yqmqvk76aft0wmsfjiul	0
omSeen-zrb5abxi1fbegd5w2nan	0
pardot	0
visitor_id12882	0
visitor_id12882-hash	0
__cfduid	1
EUID	0
MIAMISESSION	0
PF	1
SNF	1
__cfduid	0
__cfduid	1
__cfduid	1
csrf_token	0
fingerPrintToken	0
has_multiple_organizations	0
id_ab	0
sd_access	0
sd_session_id	0
__cfduid	1
cc	0
did	1
ptc	1
sid	1
PLAY_SESSION	1
SERVERID	0
bcookie	0
bcookie	0
bscookie	1
flash	1
lang	0
language	1
lissc1	1
lissc2	1
ASP.NET_SessionId	0
CookieConsent	1
TECHASPXANONYMOUS	0
__cfduid	1
consentDate	0
__cfduid	0
session	0
__cfduid	1
ezCMPCCS	0
ezds	0
ezohw	0
ezux_lpl_120073	0
tl_19796_19797_301	0
tl_19796_19798_526	0
tl_21761_21761_420	0
tve_leads_unique	0
wwsgd_visits	0
TMog	0
ds_ab	0
lb_ld	0
civicCookieControl	0
PHPSESSID	0
__stripe_mid	0
__cfduid	0
_shopify_y	0
__cfduid	1
__cfduid	0
sid	1
uid	1
bb_lastactivity	0
bb_lastvisit	0
bb_sessionhash	0
__cfduid	1
__cfduid	1
__cfduid	0
__cfduid	0
JSESSIONID	1
__cfduid	0
__cfduid	0
__cfduid	0
__cfduid	0
__cfduid	1
__cfduid	0
_ga	0
adcashufpv3	0
adcashufpv3	0
enc_aff_session_5573	0
fraudcheck	0
ho_mob	0
regional	0
uid_id2	0
__cfduid	0
__cfduid	1
BIGipServer~apphosting~idm-t1~prod~idm-t1-prod-https	1
AA003	0
AAMC_nfl_0	0
AMCVS_F75C3025512D2C1D0A490D44%40AdobeOrg	0
AMCV_F75C3025512D2C1D0A490D44%40AdobeOrg	0
aam_did	0
apiDomain_3_h1AiUI9kcBduMJ2JoYPP6EXq3FGIy75RiS2DqkxjARGPcVazXVlNcGAOhgAfrU0P	0
check	0
demdex	0
dpm	0
everest_g_v2	0
everest_session_v2	0
fltk	0
gmid	1
hasGmid	1
minVersion	0
s_cc	0
ucid	0
PHPSESSID	0
bb15c779-cfb6-49ad-80a0-067874b26838_lang	0
client_tz	0
	0
__cfduid	0
_parsely_visitor	0
__cfduid	0
OptanonConsent	0
__cfduid	1
__cfduid	0
__cfduid	0
adc	0
bslp	0
host_id	0
solo_slot_story_desktop_newsstory	0
client_id	0
forbes_t	0
forbesbeta	0
APID	0
APID	0
B	0
DPSync3	0
GLOBALID	0
HAPLB8S	0
IDE	0
IDSYNC	0
KADUSERCOOKIE	0
KTPCACOOKIE	0
PUBMDCID	0
PugT	0
SERVERID	0
SOMOID	0
SPugT	0
SyncRTB3	0
TDCPM	0
TDID	0
U	0
V	0
__cfduid	0
__cfduid	0
__uis	0
_dbefe	0
_dm_uid	0
_rxuuid	0
_ssum	0
ad-id	0
ad-privacy	0
apn_id	0
audit	0
bkdc	1
bkpa	1
bku	1
bsw_uid	0
c	0
c	0
chk	0
data-a	0
data-b	0
data-bs	0
data-co	0
data-dmx	0
data-g	0
data-mf	0
data-mm	0
data-o	0
data-p	0
data-r	0
data-r1	0
data-rk	0
data-sh	0
data-so	0
data-som	0
data-sov	0
data-ze	0
did	1
didts	1
i	0
icts	0
khaos	0
ljt_reader	0
nnls	1
pb_rtb_ev	0
pd	0
put_1512	0
put_1523	0
put_2249	0
put_2307	0
put_2974	0
put_3778	0
pux	0
pxrc	1
pxrc	1
rlas3	1
rmuid	0
rpb	0
rpx	0
rud	0
ruds	0
sa-user-id-v2	0
ssi	0
stx_user_id	0
tuuid	0
tuuid	0
tuuid_lu	0
tuuid_lu	0
uid	0
uid	0
univ_id	0
uuid	0
uuidc	0
visitor-id	0
zuid	0
KRTBCOOKIE_218	0
KRTBCOOKIE_22	0
KRTBCOOKIE_27	0
KRTBCOOKIE_330	0
KRTBCOOKIE_377	0
KRTBCOOKIE_57	0
KRTBCOOKIE_80	0
__aaxsc	0
__tuid	0
aasd	0
data	0
data-adt	0
data-emx	0
data-xu	0
matchmedianet	0
mnet_session_depth	0
wfivefivec	0
CBS_INTERNAL	0
CookieConsent	1
arrowImp	1
dtContent	0
dtLastActive	0
dtMCTX	0
dtPageViewId	0
dtSessionId	0
nemo_highlander	1
AMCVS_10D31225525FF5790A490D4D%40AdobeOrg	0
AMCV_10D31225525FF5790A490D4D%40AdobeOrg	0
CBS_INTERNAL	0
fly_geo	0
minUniq	0
minVersion	0
utag_main	0
fly_session	1
XCLGFbrowser	0
__cfduid	1
__cfduid	0
__cfduid	0
_cb_ls	0
gig_hasGmid	0
minBuffer	0
minBuffer	0
minUniq	0
parsely_network_uuid	0
wday_vps_cookie	1
_csrf_token	1
canvas_session	1
log_session_id	0
_csrf_token	1
_csrf_token	1
canvas_session	1
canvas_session	1
log_session_id	0
log_session_id	0
_csrf_token	1
canvas_session	1
log_session_id	0
__cfduid	0
__cfduid	0
__cfduid	0
__cfduid	0
__cfduid	0
piddlNGSiteReferer	0
JSESSIONID	1
check	0
cplChannelTagID	0
darkreading%5Fvisits	0
darkreading_lastvisit	0
piddlNGPageReferer	0
s_cc	0
s_fid	0
s_sq	0
_csrf_token	1
canvas_session	1
log_session_id	0
AMCV_823BA0335567497F7F000101%40AdobeOrg	0
DEVICE_ID	0
IS_TOKENIZED_4C205A9F8A1F2720570F1A48281EAAC0	0
IS_TOKENIZED_9DFC736917810C8BB1B121B98833A53D	0
bgAlpha	0
bgColor	0
capitalize	0
fontSize	0
fontType	0
highlightAlpha	0
highlightColor	0
override	0
scale	0
textAlpha	0
textColor	0
textEdge	0
DEVICE_ID	0
s_cc	0
IS_TOKENIZED_4C205A9F8A1F2720570F1A48281EAAC0	0
IS_TOKENIZED_9DFC736917810C8BB1B121B98833A53D	0
bgAlpha	0
bgColor	0
capitalize	0
fontSize	0
fontType	0
highlightAlpha	0
highlightColor	0
override	0
scale	0
textAlpha	0
textColor	0
textEdge	0
Variation	0
SSESS1d0c2cd0d773129d86155db2359153c6	1
has_js	0
has_js	0
_csrf_token	1
canvas_session	1
CookieConsent	1
PREF	0
G_AUTHUSER_H	1
G_ENABLED_IDPS	0
legacy_clean	1
oauth_token	1
sc_anonymous_id	0
sclocale	0
__cfduid	0
JW_GCID	0
KinjaBucket	0
KinjaBucket	0
__k_iut	0
__pat	0
__tbc	0
geocc	0
geocc	0
xbc	0
KinjaBucket	0
__k_iut	0
__pat	0
__tbc	0
geocc	0
xbc	0
AMCV_10D31225525FF5790A490D4D%40AdobeOrg	0
CBS_INTERNAL	0
s_vnum	0
prevPageType	0
CBS_INTERNAL	0
_v__chartbeat3	0
fly_js_debug	0
s_cc	0
s_sq	0
t_gid	0
taboola_session_id	0
trc_cookie_storage	0
uuid2	0
	0
GED_PLAYLIST_ACTIVITY	1
_cb	0
_chartbeat2	0
_fbp	0
aam_uuid	0
arrowImpCnt	1
clickProperty	0
cnet_ad	0
muxData	0
prevPageType	0
s_getNewRepeat	0
s_lv_undefined	0
utag_main	0
SERVERID	0
TawkConnectionTime	0
__tawkuuid	0
io	0
tawkUUID	1
PERSISTENT_SIGNUP	0
VORTEX.OrganicLaunched	0
fbm_127221877343651	1
token	1
_csrf_token	1
canvas_session	1
_csrf_token	1
canvas_session	1
__cfduid	1
ezCMPCCS	0
ezds	0
ezohw	0
ezux_lpl_95829	0
ahoy_visitor	0
DES5ce7bb81ad1eb88a1c0ef075697a756bb	1
X-APPLE-WEBAUTH-HSA-TRUST	1
X_APPLE_WEB_KB-VMKYASQFIFYXJP9FJGEY2U-2OYE	1
ccl	0
geo	0
NSC_q10-tfuvqtfswjdf	1
X-APPLE-WEB-ID	0
client	0
LOCATION	0
POPUP_SEEN	0
_away-spree-solidus_session	1
_ok	0
_okbk	0
_okdetect	0
_oklv	0
ajs_anonymous_id	0
ajs_group_id	0
ajs_user_id	0
forterToken	0
guest_token	1
hblid	0
olfsk	0
wcsid	0
__stripe_mid	0
_sp_id.45ce	0
aka_debug	0
m	1
PHPSESSID	0
__cfduid	0
mobileordering_ad_popup_full	0
JSESSIONID	1
F5_fullWT	1
LastMRH_Session	1
MRHSession	1
F5_ST	1
MRHSequence	1
lang	0
_lipt	0
sdsc	0
spectroscopyId	0
_device_id	1
dotcom_user	1
logged_in	1
wayback.archivalhost	0
wayback.collectionid	0
wayback.initiatingpage	0
wayback.timestamp	0
__cfduid	0
__cfduid	1
aa	1
dslang	1
site	1
remember_user_token	0
JSESSIONID	0
PHPSESSID	0
__cfduid	0
session	0
_csrf_token	1
_csrf_token	1
canvas_session	1
canvas_session	1
log_session_id	0
_session_auth_key	1
connect_session	1
ja	0
_csrf_token	1
canvas_session	1
_forum_session	1
__cfduid	0
__cfduid	0
noredir	0
_GPSLSC	0
__cfduid	0
AWSALB	0
hiddencrackstreamslive	0
OSID	1
m_pixel_ratio	1
SessionGUID	1
vk	1
JSESSIONID	1
piazza_session	1
session_id	1
_csrf_token	1
last_known_canvas_host	0
log_session_id	0
region	0
_dy_c_att_exps	0
s_vmonthnum	0
__adblocker	0
__bid	0
__pat	0
__pnahc	0
__tbc	0
_dy_c_exps	0
_dy_csc_ses	0
_dy_ses_load_seq	0
_dy_soct	0
adops_master_kvs	0
gig_hasGmid	0
s_cc	0
xbc	0
PHPSESSID	0
__cfduid	0
anCookie	0
pmpro_visit	0
s_sq	0
abid	1
csm-hit	0
session-token	0
session-id	0
session-id-time	0
ubid-main	0
devicetype	0
osfam	0
rplampr	0
rplm2	0
rplmct	0
s._ref	0
s_cc	0
s_dslv	0
s_fid	0
s_lv	0
s_nr	0
s_vmonthnum	0
wp_ak_article_beta	0
wp_pr	0
linktrk	0
s_fid	0
s_getNewRepeat30	0
s_getNewRepeat90	0
s_lv	0
PHP_ENGINE	0
PHPSESSID	0
AMCVS_8C6767C25245AD1A0A490D4C%40AdobeOrg	0
AMCV_8C6767C25245AD1A0A490D4C%40AdobeOrg	0
NSERVERID	0
PHPSESSID	0
__cfduid	0
_mailmunch_visitor_id	0
mailmunch_second_pageview	0
opt_lg	0
page_threshold_event_triggered	0
s_cc	0
start_time	0
threshold_page_count	0
time_threshold_event_triggered	0
utag_main	0
PHPSESSID	0
_csrf_token	1
canvas_session	1
log_session_id	0
sidebar_collapsed	0
SSESS12a0e421f7c7e30420e71852513a2b79	1
has_js	0
cookieWarning	0
d2_token	1
external_referer	0
loid	1
reddit_session	1
redesign_optout	1
_twitter_sess	1
contextly	0
ezCMPCCS	0
ezds	0
ezohw	0
ezux_lpl_27792	0
countryCode	1
regionCode	1
seen_first_page	1
__cfduid	0
__cfduid	0
__cfduid	1
sessionid	0
TMog	0
ds_ab	0
lb_ld	0
WMF-Last-Access	1
WMF-Last-Access-Global	1
hiddenspackers	0
_urbandictionary_session2	1
cart_sig	0
secure_customer_sig	1
__cfduid	0
__cfduid	0
bestSpinCount	0
bestSpinCount	0
SNID	1
OTZ	1
AWSALB	0
GN_PREF	1
__cfduid	0
_cb	0
_cb_ls	0
_chartbeat2	0
_v__chartbeat3	0
has_js	0
iris_user_id	0
NSC_WT_MC_oxgdv.psh_IUUQT_443	1
PortalLanguage_2126	0
USER_2126	0
SessionValidation_2126	0
ASP.NET_SessionId	0
AMCVS_A729776A5245B1590A490D44%40AdobeOrg	0
AMCV_A729776A5245B1590A490D44%40AdobeOrg	0
has_js	0
run_fs_for_user	0
__cfduid	0
DFTT_END_USER_PREV_BOOTSTRAPPED	0
_BUID	0
driftt_aid	0
pardot	0
visitor_id652283	0
visitor_id652283-hash	0
ASP.NET_SessionId	1
CMSCsrfCookie	1
CMSPreferredCulture	1
__cfduid	1
DFTT_END_USER_PREV_BOOTSTRAPPED	0
__cfduid	0
driftt_aid	0
has_js	0
s_cc	0
s_nr	0
utag_main	0
SESSION	0
JSESSIONID	1
ezproxy	0
hac|DU4D7QJ45Q4K4EL6CBLS|DASOR8FIF9Y7JDMZ06DR	1
shib_idp_session	0
CFID	0
CFTOKEN	0
IP_CLIENT	0
JSESSIONID	1
SITE_CLIENT	0
sid	0
pll_language	1
user_rec	0
NID	0
CSRF-TOKEN	1
GCLB	0
XSRF-TOKEN	0
ka_sessionid	0
OTZ	1
PHPSESSID	1
__cfduid	0
__cfduid	0
__cfduid	0
__cfduid	0
__cfruid	0
s_sq	0
XID	1
s_cc	0
s_fid	0
s_orientation	0
s_orientationHeight	0
s_ppv	0
s_ppvl	0
s_vnum_n2_us	0
cookie_notice_accepted	0
SNC	0
SNS	0
geoCC	0
mash_UXtest	0
has_js	0
_csrf_token	1
canvas_session	1
qtrans_front_language	0
d	1
d-s	1
lc	1
cookiebar	0
PYPF	0
_snow_id.b5ef	0
_sp_id.bbff	0
gdpr-kb	0
is_mobile	0
language	0
platform.notifications.newsletter.dismissed	0
AWSALB	0
spin	1
csrftoken	1
rur	1
urlgen	1
WR_SID	0
PHPSESSID	0
OTZ	1
__Host-GMAIL_SCH_GML	1
__Host-GMAIL_SCH_GMN	1
__Host-GMAIL_SCH_GMS	1
__cookie_consent	0
__cfduid	0
JSESSIONID_ACCT	0
JSESSIONID_OAUTH	0
SPRING_SECURITY_REMEMBER_ME_COOKIE	0
JSESSIONID	0
JSESSIONID	0
__cfduid	0
alert-box	0
post_dcm	0
post_uuid	0
puid_v2	0
OptanonConsent	0
SSID	0
SSRT	0
SSSC	0
dld	0
visited	0
vuid	0
ARRAffinity	0
ASP.NET_SessionId	0
__cfduid	0
FLAG_CONSOLIDATION	0
ajs_anonymous_id	0
ajs_group_id	0
ajs_user_id	0
LSID	1
OSID	1
_gcl_au	0
__cfduid	0
_gaUUID	0
msvt_cid	0
usid	0
__livechat	0
SESSION_ID	0
notice_behavior	0
BrowserId	0
commID	0
userFunnelCookie	1
userProfileCookie	1
devsite_tabbar_last	0
OTZ	1
Currency	1
Currency_Symbol	1
country	1
eigi-geolocated-country-code	1
host	1
session_id	1
m-css_v	0
m-early_v	0
m-tz	0
WMF-Last-Access	1
WMF-Last-Access	1
WMF-Last-Access-Global	1
m-b	1
m-s	1
if_ever_logged_in	0
CBS_INTERNAL	0
fly_device	1
fly_edition	1
fly_geo	1
utag_main	0
AMCVS_10D31225525FF5790A490D4D%40AdobeOrg	0
AMCV_10D31225525FF5790A490D4D%40AdobeOrg	0
__cfduid	1
__cfduid	1
PHPSESSID	0
PHPSESSID	0
__cfduid	0
__cfduid	0
AWSALB	0
amplitude_id_ecc0b9f76710f07825ed40270d4623e5codingame.com	0
hour_of_code	1
TS01103b21	0
TS01e85bed	0
XSRF-TOKEN	0
XSRF-TOKEN	0
hs	0
svSession	0
__cfduid	0
__livechat	0
__cfduid	0
_community_session	0
ajs_anonymous_id	0
ajs_group_id	0
ajs_user_id	0
cookieconsent_status	0
first_landing_page	1
last_landing_page	1
referrer	1
__cfduid	1
BIGipServersj15web-nginx-app_https	1
noShowDevMeetup	0
ezCMPCCS	0
ezepvv	0
ezovuuidtime_93605	0
active_template::93605	0
ezds	0
ezohw	0
ezux_lpl_93605	0
foxpush_browserid	0
_forum_session	1
__Host-user_session_same_site	1
_ga	0
_gh_sess	1
tz	1
user_session	1
vsid	0
AWSALB	0
JSESSIONID	0
WHMCSol43zjRQtxdE	1
__cfduid	1
comm100_guid2_100018000	0
country_from_ip	0
currencycode	0
domain_default_lang	0
exp_last_activity	0
exp_last_visit	0
exp_tracker	0
gdId	0
language_from_browser	0
location	0
offer_localization	0
payment_images	0
phone	0
tldcurrencycode	0
trs	0
visitor_guid_100018000	1
gdpr_accepted	0
CASID	0
ajs_anonymous_id	0
ajs_group_id	0
ajs_user_id	0
JSESSIONID	1
li_at	1
liap	0
lidc	0
mst	1
sl	0
G_ENABLED_IDPS	0
__cfduid	1
__cfduid	0
ltv	1
session_id	1
presence	1
wd	1
act	1
canvas_session	1
_csrf_token	1
__cfduid	0
c_user	1
fr	1
xs	1
prefs	0
tr_notice_tr_for_kids	0
_ga	0
_gid	0
G_AUTHUSER_H	1
GeoIP	1
PHP_ENGINE	0
WMF-Last-Access	1
WMF-Last-Access	1
WMF-Last-Access-Global	1
mwPhp7Seed	0
__cfduid	0
__cfduid	1
__cfruid	0
ajs_anonymous_id	0
ajs_group_id	0
ajs_user_id	0
countryCode	0
geoData	0
has_js	0
SIDCC	0
OptanonAlertBoxClosed	0
OptanonConsent	0
__cfduid	0
__cfruid	0
em_cdn_uid	0
lightstep_guid/lite-web	0
lightstep_session_id	0
act	1
c_user	1
presence	1
xs	1
ASPSESSIONIDAAABRBDT	0
wd	1
SEARCH_SAMESITE	0
w-units	0
dwf_sg_task_completion	1
__cfduid	0
_jsfiddle_session	0
_jsfiddle_session	0
csrftoken	0
csrftoken	0
codepen_session	1
PaperboundRepository_recentclicks2	1
__aaxsc	0
aasd	0
pc	1
rdt_uuid	0
recent_srs	1
reddaid	0
ugid	0
BIGipServerab13web-nginx-app_https	1
__cfduid	0
__cflb	0
COMPASS	1
COMPASS	1
COMPASS	1
DSID	0
GAPS	1
NID	0
S	1
__jid	1
disqus_unique	1
experiment_groups	0
honeyExtDeviceId	0
honeyExtUserId	0
__Host-GMAIL_SCH	1
330290f5500130d3b957e1948cde5add	1
OTZ	1
BL::AuthTicket_domaincom	1
loginuser	0
request_uri	0
lightstep_guid/lite-web	0
lightstep_session_id	0
customerpixel	0
exv	0
AWSALB	0
AWSALB	0
tfw_exp	0
AWSALB	0
_devpost	0
jwt	0
PHPSESSID	0
__lc.visitor_id.1389892	0
__lc2_cid	1
__lc2_cst	1
__lc_cid	1
__lc_cst	1
easeus_url	0
lc_sso1389892	0
PAIDCONTENT	0
notification[status_ping]	0
3rdparty	0
__lc_vv	0
__livechat	0
__utma	0
__utmb	0
__utmc	0
__utmz	0
lc_window_state	0
recent_window	0
PLAY_LANG	0
PLAY_SESSION	1
WorkdayLB_UICLIENT	1
cdnDown	0
timezoneOffset	1
__cfduid	0
htg_newsletter_subform_hide	0
__cf_bm	0
1P_JAR	0
AWSALB	0
DV	0
SIDCC	0
UULE	0
__zlcmid	0
test_conversionFinishedEmail1	0
test_pricing3	0
u	0
main_window_timestamp	0
main_window_timestamp_3	0
message_text	0
